Asunto	PERSONAL	Fecha de comienzo	Comienzo	Fecha de finalización	Finalización	CATEGORIA	Description	Location
KICK OFF 2025	MAYOR	1/15/2025	2:00:00 p.m.	1/15/2025	3:30:00 p.m.	SESION FORMATIVA	 Junta Formativa, todo el equipo y coaches, coach Mario, y despues elecciones de capitanes.  	TEATRO
Reacondicionamiento JUV	JUVENIL	1/15/2025	5:00:00 p.m.	1/15/2025	7:00:00 p.m.	S&C		GYM Borregos CEM
Junta General 	COACHES	1/15/2025	10:00:00 a.m.	1/15/2025	11:00:00 a.m.	OFICINA		
Conditioning 	MAYOR	1/16/2025	1:00:00 p.m.	1/16/2025	3:00:00 p.m.	S&C	Preparatorio general por 3 semanas.  	GYM Borregos CEM
Reacondicionamiento JUV	JUVENIL	1/16/2025	5:00:00 p.m.	1/16/2025	7:00:00 p.m.	S&C		GYM Borregos CEM
Conditioning 	MAYOR	1/17/2025	1:00:00 p.m.	1/17/2025	3:00:00 p.m.	S&C	Preparatorio general por 3 semanas.  	GYM Borregos CEM
Reacondicionamiento JUV	JUVENIL	1/17/2025	5:00:00 p.m.	1/17/2025	7:00:00 p.m.	S&C		GYM Borregos CEM
Conditioning 	MAYOR	1/20/2025	1:00:00 p.m.	1/20/2025	3:00:00 p.m.	S&C	Preparatorio general por 3 semanas.  	GYM Borregos CEM
GYM JUV Hipertrofia 	JUVENIL	1/20/2025	5:00:00 p.m.	1/20/2025	7:00:00 p.m.	S&C		GYM Borregos CEM
Conditioning 	MAYOR	1/21/2025	1:00:00 p.m.	1/21/2025	3:00:00 p.m.	S&C	Preparatorio general por 3 semanas.  	GYM Borregos CEM
CAMPO JUV 	JUVENIL	1/21/2025	5:00:00 p.m.	1/21/2025	7:00:00 p.m.	CAMPO		Campo FBA
Organización del tiempo LM y JUV 	GENERAL	1/22/2025	4:00:00 p.m.	1/22/2025	6:00:00 p.m.	SESION FORMATIVA	WORKSHOP TIME MANAGEMENT	Sala de Alta Dirreción
Conditioning 	MAYOR	1/23/2025	1:00:00 p.m.	1/23/2025	3:00:00 p.m.	S&C	Preparatorio general por 3 semanas.  	GYM Borregos CEM
GYM JUV Hipertrofia 	JUVENIL	1/23/2025	5:00:00 p.m.	1/23/2025	7:00:00 p.m.	S&C		GYM Borregos CEM
Conditioning 	MAYOR	1/24/2025	1:00:00 p.m.	1/24/2025	3:00:00 p.m.	S&C	Preparatorio general por 3 semanas.  	GYM Borregos CEM
CAMPO JUV 	JUVENIL	1/24/2025	5:00:00 p.m.	1/24/2025	7:00:00 p.m.	CAMPO		Campo FBA
Conditioning 	MAYOR	1/27/2025	1:00:00 p.m.	1/27/2025	3:00:00 p.m.	S&C	Preparatorio general por 3 semanas.  	GYM Borregos CEM
GYM JUV Hipertrofia 	JUVENIL	1/27/2025	5:00:00 p.m.	1/27/2025	7:00:00 p.m.	S&C		GYM Borregos CEM
Conditioning 	MAYOR	1/28/2025	1:00:00 p.m.	1/28/2025	3:00:00 p.m.	S&C	Preparatorio general por 3 semanas.  	GYM Borregos CEM
JUNTA CON VERO PEDRERO	MAYOR	1/28/2025	3:00:00 p.m.	1/28/2025	4:00:00 p.m.	SESION FORMATIVA	Junta especial con la Directora del Campus, ASISTENCIA OBLIGATORIA 	Sala de Alta Dirección
CAMPO JUV 	JUVENIL	1/28/2025	5:00:00 p.m.	1/28/2025	7:00:00 p.m.	CAMPO		Campo FBA
Alberca LM 	MAYOR	1/29/2025	1:00:00 p.m.	1/29/2025	3:00:00 p.m.	S&C		Alberca CEM 
Prevención y uso de Sustancias LM Y JUV  	GENERAL	1/29/2025	4:00:00 p.m.	1/29/2025	6:00:00 p.m.	SESION FORMATIVA		Por definir 
Conditioning 	MAYOR	1/30/2025	1:00:00 p.m.	1/30/2025	3:00:00 p.m.	S&C	Preparatorio general por 3 semanas.  	GYM Borregos CEM
GYM JUV OFENSA /CAMPO DEFENSA	JUVENIL	1/30/2025	4:30:00 p.m.	1/30/2025	6:30:00 p.m.	CAMPO		GYM Borregos CEM
Conditioning 	MAYOR	1/31/2025	1:00:00 p.m.	1/31/2025	3:00:00 p.m.	S&C	Preparatorio general por 3 semanas.  	GYM Borregos CEM
GYM JUV OFENSA/DEFENSA	JUVENIL	1/31/2025	4:30:00 p.m.	1/31/2025	6:30:00 p.m.	S&C		Campo FBA
Asueto 	MAYOR	2/3/2025	12:00:00 a.m.	2/3/2025	11:30:00 p.m.	ASUETO		Reunión de Microsoft Teams
Test Conditioning 	MAYOR	2/4/2025	1:00:00 p.m.	2/4/2025	3:00:00 p.m.	S&C	Pruebas:  Bench Press  Squad  Celan  40 yds 	GYM Borregos CEM
Sesión Formativa 		2/4/2025	4:00:00 p.m.	2/4/2025	5:00:00 p.m.			Tunel ; FBA 
Gym JUV OFENSA /DEFENSA	JUVENIL	2/4/2025	4:30:00 p.m.	2/4/2025	6:30:00 p.m.	S&C	HORARIO DE VIDEO O WALKTHROUGH DEFINIDO POR TU COACH	GYM Borregos CEM
Test Conditioning 	MAYOR	2/5/2025	1:00:00 p.m.	2/5/2025	3:00:00 p.m.	S&C	Pruebas:  Bench Press  Squad  Celan  40 yds 	GYM Borregos CEM
CAMPO JUV 	JUVENIL	2/5/2025	4:30:00 p.m.	2/5/2025	6:30:00 p.m.	CAMPO	UPPERS	Campo FBA
Ultimo Dia Invierno 	MAYOR	2/6/2025	8:00:00 a.m.	2/6/2025	8:30:00 a.m.	ACADEMICO		
Test Conditioning 	MAYOR	2/6/2025	1:00:00 p.m.	2/6/2025	3:00:00 p.m.	S&C	Pruebas:  Bench Press  Squad  Celan  40 yds 	GYM Borregos CEM
CAMPO JUV 	JUVENIL	2/6/2025	4:30:00 p.m.	2/6/2025	6:30:00 p.m.	CAMPO	UPPERS	GYM Borregos CEM
REGLAMENTO DE BECAS	GENERAL	2/6/2025	4:00:00 p.m.	3/6/2025	4:30:00 p.m.	SESION FORMATIVA	ASISTENCIA OBLIGATORIA para todos los jugadores con Beca Deportiva.	Por definr
SESION OBLIGATORIAPARA ALUMNOS CON BECA  DEPORTIVA	GENERAL	2/6/2025	4:00:00 p.m.	2/6/2025	4:30:00 p.m.	SESION FORMATIVA	Sesión donde se revisara el reglamento de BTE. Sesión obligatoria para todos los alumnos con beca deportiva.	Sala de Alta Dirección
Test Conditioning 	MAYOR	2/7/2025	1:00:00 p.m.	2/7/2025	3:00:00 p.m.	S&C	Pruebas:  Bench Press  Squad  Celan  40 yds 	GYM Borregos CEM
CAMPO JUV 	JUVENIL	2/7/2025	4:30:00 p.m.	2/7/2025	6:30:00 p.m.	CAMPO	UPPERS	Campo FBA
Primer Dia de Clases Profesional	MAYOR	2/10/2025	8:00:00 a.m.	2/10/2025	8:30:00 a.m.	ACADEMICO		
Hipertrofia 	MAYOR	2/10/2025	1:00:00 p.m.	2/10/2025	3:00:00 p.m.	S&C	   Hipertrofia 1 por 3 semanas   	
Bitácora Seguimiento Académico	COACHES	2/10/2025	12:00:00 a.m.	2/11/2025	12:00:00 a.m.	OFICINA	Primer Junta con los alumnos. 	
CAMPO JUV 	JUVENIL	2/10/2025	4:30:00 p.m.	2/10/2025	6:30:00 p.m.	CAMPO	UPPERS	Campo FBA
BACK 2 TEC!	MAYOR	2/11/2025	1:00:00 p.m.	2/11/2025	3:00:00 p.m.		Disfruta de todas las actividades del Campus en el Back 2 Tec ! , manda evidencia a tu Coach de que estuviste presente al menos en una actividad del Campus. Esa es tu asistencia del día. 	
Gym JUV OFENSA /DEFENSA	JUVENIL	2/11/2025	4:30:00 p.m.	2/11/2025	6:30:00 p.m.	CAMPO	HORARIO DE VIDEO O WALKTHROUGH DEFINIDO POR TU COACH	GYM Borregos CEM
Hipertrofia 	MAYOR	2/12/2025	1:00:00 p.m.	2/12/2025	3:00:00 p.m.	S&C	Hipertrofia 1 por 3 semanas.	GYM Borregos CEM
CAMPO JUV 	JUVENIL	2/12/2025	4:30:00 p.m.	2/12/2025	6:30:00 p.m.	CAMPO	FULL PADS	Campo FBA
Hipertrofia 	MAYOR	2/13/2025	1:00:00 p.m.	2/13/2025	3:00:00 p.m.	S&C	   Hipertrofia 1 por 3 semanas   	
Gym JUV OFENSA /DEFENSA	JUVENIL	2/13/2025	4:30:00 p.m.	2/13/2025	6:30:00 p.m.	S&C	HORARIO DE VIDEO O WALKTHROUGH DEFINIDO POR TU COACH	Campo FBA
Hipertrofia 	MAYOR	2/14/2025	1:00:00 p.m.	2/14/2025	3:00:00 p.m.	S&C	   Hipertrofia 1 por 3 semanas   	
CAMPO JUV 	JUVENIL	2/14/2025	4:30:00 p.m.	2/14/2025	6:30:00 p.m.	CAMPO	UPPERS	Campo FBA
Montaña 	MAYOR	2/15/2025	7:00:00 a.m.	2/15/2025	1:00:00 p.m.	S&C	Lugar por definir      	
Hipertrofia 	MAYOR	2/17/2025	1:00:00 p.m.	2/17/2025	3:00:00 p.m.	S&C	   Hipertrofia 1 por 3 semanas   	
CAMPO JUV 	JUVENIL	2/17/2025	4:30:00 p.m.	2/17/2025	6:30:00 p.m.	CAMPO	UPPERS	Campo FBA
Hipertrofia 	MAYOR	2/18/2025	1:00:00 p.m.	2/18/2025	3:00:00 p.m.	S&C	   Hipertrofia 1 por 3 semanas   	
Gym JUV OFENSA /DEFENSA	JUVENIL	2/18/2025	4:30:00 p.m.	2/18/2025	6:30:00 p.m.	S&C	HORARIO DE VIDEO O WALKTHROUGH DEFINIDO POR TU COACH	Gym Borregos CEM 
Alberca LM 	MAYOR	2/19/2025	1:00:00 p.m.	2/19/2025	3:00:00 p.m.	S&C		Alberca CEM 
CAMPO JUV 	JUVENIL	2/19/2025	4:30:00 p.m.	2/19/2025	6:30:00 p.m.	CAMPO	FULL PADS	Campo FBA
Hipertrofia 	MAYOR	2/20/2025	1:00:00 p.m.	2/20/2025	3:00:00 p.m.	S&C	   Hipertrofia 1 por 3 semanas   	
Gym JUV OFENSA /DEFENSA	JUVENIL	2/20/2025	4:30:00 p.m.	2/20/2025	6:30:00 p.m.	S&C	HORARIO DE VIDEO O WALKTHROUGH DEFINIDO POR TU COACH	Gym Borregos CEM 
Hipertrofia 	MAYOR	2/21/2025	1:00:00 p.m.	2/21/2025	3:00:00 p.m.	S&C	   Hipertrofia 1 por 3 semanas   	
CAMPO JUV 	JUVENIL	2/21/2025	4:30:00 p.m.	2/21/2025	6:30:00 p.m.	CAMPO	UPPERS	Campo FBA
Hipertrofia 	MAYOR	2/24/2025	1:00:00 p.m.	2/24/2025	3:00:00 p.m.	S&C	   Hipertrofia 1 por 3 semanas   	
CAMPO JUV 	JUVENIL	2/24/2025	4:30:00 p.m.	2/24/2025	7:00:00 p.m.	CAMPO	UPPERS	GYM Borregos CEM
Hipertrofia 	MAYOR	2/25/2025	1:00:00 p.m.	2/25/2025	3:00:00 p.m.	S&C	   Hipertrofia 1 por 3 semanas   	
Gym JUV OFENSA /DEFENSA	JUVENIL	2/25/2025	4:30:00 p.m.	2/25/2025	7:00:00 p.m.	S&C	HORARIO DE VIDEO O WALKTHROUGH DEFINIDO POR TU COACH	Campo FBA
Alberca LM 	MAYOR	2/26/2025	1:00:00 p.m.	2/26/2025	3:00:00 p.m.	S&C		Alberca CEM 
Violencia de Genero 	GENERAL	2/26/2025	3:50:00 p.m.	2/26/2025	6:00:00 p.m.	SESION FORMATIVA	TEATRO CEM 	Por definir 
CAMPO JUV 	JUVENIL	2/26/2025	5:15:00 p.m.	2/26/2025	6:30:00 p.m.	CAMPO	Campo	
Hipertrofia 	MAYOR	2/27/2025	1:00:00 p.m.	2/27/2025	3:00:00 p.m.	S&C	   Hipertrofia 1 por 3 semanas   	
Gym JUV OFENSA /DEFENSA	JUVENIL	2/27/2025	4:30:00 p.m.	2/27/2025	7:00:00 p.m.	S&C	HORARIO DE VIDEO O WALKTHROUGH DEFINIDO POR TU COACH	Gym Borregos CEM 
Hipertrofia 	MAYOR	2/28/2025	1:00:00 p.m.	2/28/2025	3:00:00 p.m.	S&C	   Hipertrofia 1 por 3 semanas   	
CAMPO JUV 	JUVENIL	2/28/2025	4:30:00 p.m.	2/28/2025	6:30:00 p.m.	CAMPO	Campo	Campo FBA
PRACTICA COMPARTIDA CHEROKEES	JUVENIL	3/1/2025	11:00:00 a.m.	2/28/2025	1:00:00 p.m.	CAMPO	PRACTICA COMPARTIDA	Campo FBA
Preparatorio General Especifico 	MAYOR	3/3/2025	1:00:00 p.m.	3/3/2025	3:00:00 p.m.	S&C		GYM Borregos CEM
Sesión Formativa 		3/3/2025	4:00:00 p.m.	3/3/2025	5:00:00 p.m.			Tunel FBA
Bitácora Seguimiento Académico	COACHES	3/3/2025	12:00:00 a.m.	3/4/2025	12:00:00 a.m.	OFICINA	Segunda Junta con los alumnos. 	
CAMPO JUV 	JUVENIL	3/3/2025	4:30:00 p.m.	3/3/2025	6:30:00 p.m.	CAMPO	UPPERS	Campo FBA
Preparatorio General Especifico 	MAYOR	3/4/2025	1:00:00 p.m.	3/4/2025	3:00:00 p.m.	S&C		GYM Borregos CEM
Gym JUV OFENSA /DEFENSA	JUVENIL	3/4/2025	4:30:00 p.m.	3/4/2025	6:30:00 p.m.	S&C	HORARIO DE VIDEO O WALKTHROUGH DEFINIDO POR TU COACH	Gym Borregos CEM 
Alberca LM 	MAYOR	3/5/2025	1:00:00 p.m.	3/5/2025	3:00:00 p.m.	S&C		Alberca CEM 
CAMPO JUV 	JUVENIL	3/5/2025	4:30:00 p.m.	3/5/2025	6:30:00 p.m.	CAMPO	FULL PADS	Campo FBA
Preparatorio General Especifico 	MAYOR	3/6/2025	1:00:00 p.m.	3/6/2025	3:00:00 p.m.	S&C		GYM Borregos CEM
Gym JUV OFENSA /DEFENSA	JUVENIL	3/6/2025	4:30:00 p.m.	3/6/2025	6:30:00 p.m.	S&C	HORARIO DE VIDEO O WALKTHROUGH DEFINIDO POR TU COACH	Gym Borregos CEM 
Preparatorio General Especifico 	MAYOR	3/7/2025	1:00:00 p.m.	3/7/2025	3:00:00 p.m.	S&C		GYM Borregos CEM
CAMPO JUV 	JUVENIL	3/7/2025	4:30:00 p.m.	3/7/2025	6:30:00 p.m.	CAMPO	UPPERS	Campo FBA
Preparatorio General Especifico 	MAYOR	3/10/2025	1:00:00 p.m.	3/10/2025	3:00:00 p.m.	S&C	OFENSA: INSTALACIÓN PASSING CAMP POR UNIDAD (REVISA EL HORARIO CON TU COACH) 	GYM Borregos CEM
CAMPO JUV 	JUVENIL	3/10/2025	4:30:00 p.m.	3/10/2025	6:30:00 p.m.	CAMPO	UPPERS	Campo FBA
Preparatorio General Especifico 	MAYOR	3/11/2025	1:00:00 p.m.	3/11/2025	3:00:00 p.m.	S&C	OFENSA: INSTALACIÓN PASSING CAMP POR UNIDAD (REVISA EL HORARIO CON TU COACH) 	GYM Borregos CEM
Gym JUV OFENSA /DEFENSA	JUVENIL	3/11/2025	4:30:00 p.m.	3/11/2025	7:00:00 p.m.	S&C	HORARIO DE VIDEO O WALKTHROUGH DEFINIDO POR TU COACH	Campo FBA
Alberca LM 	MAYOR	3/12/2025	1:00:00 p.m.	3/12/2025	3:00:00 p.m.	S&C	OFENSA: INSTALACIÓN PASSING CAMP POR UNIDAD (REVISA EL HORARIO CON TU COACH) 	Alberca CEM 
CAMPO JUV 	JUVENIL	3/12/2025	4:30:00 p.m.	3/12/2025	6:30:00 p.m.	CAMPO	UPPERS	Campo FBA
Preparatorio General Especifico 	MAYOR	3/13/2025	1:00:00 p.m.	3/13/2025	3:00:00 p.m.	S&C	OFENSA: INSTALACIÓN PASSING CAMP POR UNIDAD (REVISA EL HORARIO CON TU COACH) 	GYM Borregos CEM
Gym JUV OFENSA /DEFENSA	JUVENIL	3/13/2025	4:30:00 p.m.	3/13/2025	7:00:00 p.m.	S&C	HORARIO DE VIDEO O WALKTHROUGH DEFINIDO POR TU COACH	Campo FBA
Preparatorio General Especifico 	MAYOR	3/14/2025	1:00:00 p.m.	3/14/2025	3:00:00 p.m.	S&C		GYM Borregos CEM
CAMPO JUV 	JUVENIL	3/14/2025	4:30:00 p.m.	3/14/2025	6:30:00 p.m.	CAMPO	UPPERS	Campo FBA
PRACTICA COMPARTIDA REDSKINS	JUVENIL	3/15/2025	12:00:00 p.m.	3/15/2025	1:00:00 p.m.	CAMPO	PRACTICA COMPARTIDA	Campo FBA
Asueto	GENERAL	3/17/2025	12:00:00 a.m.	3/17/2025	11:30:00 p.m.	ASUETO		
PASSING CAMP SKILLS / S&C OL/DL	MAYOR	3/18/2025	1:00:00 p.m.	3/17/2025	3:00:00 p.m.	S&C	SKILLS PASSING CAMP EN CASCO / OL Y DL TRABAJO DE S&C 	GYM Borregos CEM
Gym JUV OFENSA /DEFENSA	JUVENIL	3/18/2025	4:30:00 p.m.	3/18/2025	6:30:00 p.m.	S&C	GYM Y HORARIO DE VIDEO DEFINIDO POR TU COACH	GYM Borregos CEM
PASSING CAMP SKILLS /S&C OL/DL	MAYOR	3/20/2025	1:00:00 p.m.	3/19/2025	3:00:00 p.m.	S&C	SKILLS PASSING CAMP EN CASCO / OL Y DL TRABAJO DE S&C 	Alberca CEM 
CAMPO JUV 	JUVENIL	3/20/2025	4:30:00 p.m.	3/20/2025	6:30:00 p.m.	CAMPO	UPPERS	GYM Borregos CEM
PASSING CAMP SKILLS / S&C OL/DL	MAYOR	3/21/2025	1:00:00 p.m.	3/18/2025	3:00:00 p.m.	S&C	SKILLS PASSING CAMP EN CASCO / OL Y DL TRABAJO DE S&C 	GYM Borregos CEM
PASSING CAMP SKILLS /S&C OL/DL	MAYOR	3/21/2025	1:00:00 p.m.	3/21/2025	3:00:00 p.m.	S&C	SKILLS PASSING CAMP EN CASCO / OL Y DL TRABAJO DE S&C 	GYM Borregos CEM
CAMPO JUV 	JUVENIL	3/21/2025	4:30:00 p.m.	3/21/2025	6:30:00 p.m.	CAMPO	UPPERS	Campo FBA
PASSING CAMP SKILLS /S&C OL/DL	MAYOR	3/22/2025	9:00:00 a.m.	3/22/2025	11:00:00 a.m.	S&C	SKILLS PASSING CAMP EN CASCO / OL Y DL TRABAJO DE S&C OPCIONAL	Campo Borregos CEM
CAMPO JUV 	JUVENIL	3/22/2025	9:00:00 a.m.	3/22/2025	10:30:00 a.m.	CAMPO	sesión de fotos del equipo por unidades, iniciaremos 9 am.  Fullpads    OFENSA BLANCO - ACCESORIOS AZULES                  DEFENSA AZUL - ACCESORIOS BLANCOS Les comparto cómo quedarían los horarios: 9am  : Sesion individual y por posición en las gradas de visita. 10:35 : Sesión de todo el equipo en el campo . 	Campo FBA
CAMPO JUV 	JUVENIL	3/22/2025	11:00:00 a.m.	3/22/2025	1:00:00 p.m.	CAMPO	FULL PADS 	Campo FBA
Preparatorio General Especifico 	MAYOR	3/24/2025	1:00:00 p.m.	3/24/2025	3:00:00 p.m.	S&C	ALTA PRIORIDAD: JUNTA 2 PM EN EL TUNEL 	GYM Borregos CEM
Bitácora Seguimiento Académico	COACHES	3/24/2025	12:00:00 a.m.	3/25/2025	12:00:00 a.m.	OFICINA	Tercera Junta con los alumnos. 	
Gym JUV OFENSA /DEFENSA	JUVENIL	3/24/2025	4:30:00 p.m.	3/24/2025	6:30:00 p.m.	S&C	GYM Y HORARIO DE VIDEO DEFINIDO POR TU COACH	Gym Borregos CEM 
PASSING CAMP SKILLS /S&C OL/DL	MAYOR	3/25/2025	1:00:00 p.m.	3/25/2025	3:00:00 p.m.	S&C	SKILLS PASSING CAMP EN CASCO / OL Y DL TRABAJO DE S&C 	GYM Borregos CEM
CAMPO JUV 	JUVENIL	3/25/2025	4:30:00 p.m.	3/26/2025	6:30:00 p.m.	CAMPO	FULL PADS	Campo FBA
PASSING CAMP SKILLS /S&C OL/DL	MAYOR	3/26/2025	1:00:00 p.m.	3/26/2025	3:00:00 p.m.	S&C	SKILLS PASSING CAMP EN CASCO / OL Y DL TRABAJO DE S&C 	Alberca CEM 
Gym JUV OFENSA /DEFENSA	JUVENIL	3/26/2025	4:30:00 p.m.	3/25/2025	6:30:00 p.m.	S&C	HORARIO DE VIDEO O WALKTHROUGH DEFINIDO POR TU COACH	Gym Borregos CEM 
PASSING CAMP SKILLS /S&C OL/DL	MAYOR	3/27/2025	1:00:00 p.m.	3/27/2025	3:00:00 p.m.	S&C	SKILLS PASSING CAMP EN CASCO / OL Y DL TRABAJO DE S&C 	GYM Borregos CEM
CAMPO JUV 	JUVENIL	3/27/2025	4:30:00 p.m.	3/28/2025	6:30:00 p.m.	CAMPO	UPPERS	Campo FBA
Preparatorio General Especifico 	MAYOR	3/28/2025	1:00:00 p.m.	3/28/2025	3:00:00 p.m.	S&C		GYM Borregos CEM
PRESENTACION JUVE 2025	JUVENIL	3/28/2025	4:30:00 p.m.	3/27/2025	6:30:00 p.m.	TEATRO	DRESSCODE FORMAL.  LOGISTICA POR COMPARTIR. 	Gym Borregos CEM 
PASSING CAMP SKILLS /S&C OL/DL	MAYOR	3/29/2025	9:00:00 a.m.	3/26/2025	11:00:00 a.m.	S&C	SKILLS PASSING CAMP EN CASCO / OL Y DL TRABAJO DE S&C 	Alberca CEM 
SESIÓN CON CAPITANES OBLIGATORIA	MAYOR	3/29/2025	1:00:00 p.m.	3/26/2025	2:00:00 p.m.	SESION FORMATIVA	Espacio por confirmar, llevar pluma. 	Alberca CEM 
CAMPO JUV 	JUVENIL	3/29/2025	11:00:00 a.m.	3/28/2025	1:00:00 p.m.	CAMPO	FULL PADS, terminando el entrene dejar casco en almacen. 	Campo FBA
Fuerza Máxima	MAYOR	3/31/2025	1:00:00 p.m.	3/31/2025	3:00:00 p.m.	S&C		GYM Borregos CEM
CAMPO JUV 	JUVENIL	3/31/2025	4:30:00 p.m.	3/31/2025	6:30:00 p.m.	CAMPO	Día de SCOUT , Revisa con tú coach si es walkthrough o sólo video.	
Fuerza Máxima	MAYOR	4/1/2025	1:00:00 p.m.	4/1/2025	3:00:00 p.m.	S&C		GYM Borregos CEM
CAMPO JUV 	JUVENIL	4/1/2025	4:30:00 p.m.	4/1/2025	6:30:00 p.m.	CAMPO	Uppers	
PRESENTACIÓN Coordinador ST	MAYOR	4/2/2025	1:30:00 p.m.	4/3/2025	2:00:00 p.m.	JUNTA 	Presentación Coach Alan; Aulas 4	Por definr
PRESENTACIÓN Coordinador ST	MAYOR	4/2/2025	2:00:00 p.m.	4/3/2025	3:00:00 p.m.	JUNTA 	Defensa :Cierre de Passing Camp | Ofensa: Junta de inicio Running Camp 	Oficinas FBA
CAMPO JUV 	JUVENIL	4/2/2025	4:30:00 p.m.	4/2/2025	6:30:00 p.m.	CAMPO	Uppers	
Fuerza Máxima	MAYOR	4/3/2025	1:00:00 p.m.	4/3/2025	3:00:00 p.m.	S&C		GYM Borregos CEM
CAMPO JUV 	JUVENIL	4/3/2025	4:30:00 p.m.	4/3/2025	6:30:00 p.m.	CAMPO	Casco	
Fuerza Máxima	MAYOR	4/4/2025	1:00:00 p.m.	4/4/2025	3:00:00 p.m.	S&C		GYM Borregos CEM
LOCAL TEC PUE	JUVENIL	4/4/2025	7:00:00 p.m.	4/4/2025	9:30:00 p.m.	GAME DAY JUVENIL	Se envía la logistíca durante la semana.	
ALBERCA 	MAYOR	4/5/2025	10:00:00 a.m.	4/5/2025	11:00:00 a.m.	ALBERCA	Revisar Reglamento del uso de alberca.	Alberca CEM 
ALBERCA 	JUVENIL	4/5/2025	9:00:00 a.m.	4/5/2025	10:00:00 a.m.	ALBERCA	Revisar Reglamento del uso de alberca.	Alberca CEM 
S&C & Field Drills	MAYOR	4/7/2025	1:00:00 p.m.	4/7/2025	3:00:00 p.m.	S&C	Revisar rutina en apartado de rutinas.	GYM Borregos CEM
Sesión Formativa		4/7/2025	4:00:00 p.m.	4/7/2025	5:00:00 p.m.			Tunel FBA
CAMPO JUV 	JUVENIL	4/7/2025	4:00:00 p.m.	4/7/2025	6:30:00 p.m.	CAMPO	4PM VIDEO día de SCOUT, 5PM BAJAMOS A ENTRENAR EN CASCO. 	
CAMPO JUV 	JUVENIL	4/7/2025	5:00:00 p.m.	4/7/2025	6:30:00 p.m.	CAMPO	4PM VIDEO por Unidades.  \n  5PM : Campo Uppers	
OFENSA	MAYOR	4/7/2025	10:00:00 a.m.	4/8/2025	5:00:00 p.m.	OFICINA	Pizarrón install run game, revisa el horario con tu coach de unidad.	GYM Borregos CEM
CAMPO JUV 	JUVENIL	4/8/2025	5:00:00 p.m.	4/8/2025	6:30:00 p.m.	CAMPO	Uppers	
CAMPO JUV 	JUVENIL	4/8/2025	5:00:00 p.m.	4/8/2025	6:30:00 p.m.	CAMPO	4PM VIDEO por Unidades.  \n  5PM : Campo Uppers	
Fuerza Máxima	MAYOR	4/8/2025	1:00:00 p.m.	4/8/2025	3:00:00 p.m.	S&C	Revisar rutina en apartado de rutinas.	GYM Borregos CEM
CAMPO JUV 	JUVENIL	4/9/2025	5:00:00 p.m.	4/9/2025	6:30:00 p.m.	CAMPO	Uppers	
CAMPO JUV 	JUVENIL	4/9/2025	5:00:00 p.m.	4/9/2025	6:30:00 p.m.	CAMPO	4PM VIDEO por Unidades.  \n  5PM : Campo Uppers	
OFENSA	MAYOR	4/9/2025	1:30:00 p.m.	4/9/2025	3:00:00 p.m.	CAMPO	Ofensa al Campo. 	GYM Borregos CEM
CAMPO JUV 	JUVENIL	4/10/2025	5:00:00 p.m.	4/10/2025	6:30:00 p.m.	CAMPO	Casco	
CAMPO JUV 	JUVENIL	4/10/2025	5:00:00 p.m.	4/10/2025	6:30:00 p.m.	CAMPO	Casco, jersey de juego, short indicado en dresscode.	
OFENSA	MAYOR	4/10/2025	10:00:00 a.m.	4/10/2025	5:00:00 p.m.	OFICINA	Video install run game, revisa el horario con tu coach de unidad.	GYM Borregos CEM
Fuerza Máxima	MAYOR	4/10/2025	1:00:00 p.m.	4/10/2025	3:00:00 p.m.	S&C	Revisar rutina en apartado de rutinas.	GYM Borregos CEM
Visita  UVM LV	JUVENIL	4/11/2025	6:00:00 p.m.	4/11/2025	8:30:00 p.m.	GAME DAY JUVENIL	Entregar tu responsiva desde el lunes. Saldremos 3:30 pm revisa el proceso para faltar a clases. Se envía la logistíca durante la semana. 	
Fuerza Máxima	MAYOR	4/11/2025	1:00:00 p.m.	4/11/2025	3:00:00 p.m.	S&C	Revisar rutina en apartado de rutinas.	GYM Borregos CEM
ALBERCA	JUVENIL	4/12/2025	9:00:00 a.m.	4/12/2025	10:00:00 a.m.	ALBERCA	Revisar Reglamento del uso de alberca.	Alberca CEM 
Semana Santa 	MAYOR	4/12/2025	12:00:00 a.m.	4/20/2025	11:30:00 p.m.	VACACIONES	Disfruta tus vacaciones, cuidate. 	
Video, GYM, Práctica FBA	JUVENIL	4/14/2025	8:00:00 a.m.	4/14/2025	11:00:00 a.m.	CAMPO	8 am: Video Defensa Gym Ofensa. \n                                                                                                                                            9 am:Video Ofensa Gym Video. \n                                                                                                                                                 10am TODOS CAMPO CASCO. \n	
Video, GYM, Práctica FBA	JUVENIL	4/15/2025	8:00:00 a.m.	4/15/2025	11:00:00 a.m.	CAMPO	8 am: Video Defensa Gym Ofensa. \n                                                                                                                                            9 am:Video Ofensa Gym Video. \n                                                                                                                                                 10am TODOS CAMPO CASCO. \n	
Video, GYM, Práctica FBA	JUVENIL	4/16/2025	8:00:00 a.m.	4/16/2025	11:00:00 a.m.	CAMPO	8 am: Video Defensa Gym Ofensa. \n                                                                                                                                            9 am:Video Ofensa Gym Video. \n                                                                                                                                                 10am TODOS CAMPO CASCO. \n	
DESCANSO SEMANA SANTA	JUVENIL	4/18/2025	12:01:00 a.m.	4/20/2025	11:59:00 a.m.	ASUETO	Descanso Activo.	
GYM VIDEO Y CAMPO JUV 	JUVENIL	4/21/2025	5:00:00 p.m.	4/21/2025	6:30:00 p.m.	CAMPO	3PM D GYM | O VIDEO  4PM O GYM | D VIDEO .  \n  5PM : Campo Uppers	
Fuerza Máxima 2	MAYOR	4/21/2025	1:00:00 p.m.	4/21/2025	3:00:00 p.m.	S&C		GYM Borregos CEM
CAMPO JUV 	JUVENIL	4/22/2025	5:00:00 p.m.	4/22/2025	6:30:00 p.m.	CAMPO	4PM D VIDEO | 4:30PM O VIDEO .  \n  5PM : Campo Uppers	
Fuerza Máxima 2	MAYOR	4/22/2025	1:00:00 p.m.	4/22/2025	3:00:00 p.m.	S&C		GYM Borregos CEM
CAMPO JUV 	JUVENIL	4/23/2025	5:00:00 p.m.	4/23/2025	6:30:00 p.m.	CAMPO	4PM D VIDEO | 4:30PM O VIDEO.  \n  5PM : Campo Uppers	
Práctica FBA 	MAYOR	4/23/2025	1:45:00 p.m.	4/23/2025	3:00:00 p.m.	CAMPO	Short Azul, Ofensa Instal RUN, Defensa EDD's.	
CAMPO JUV 	JUVENIL	4/24/2025	5:00:00 p.m.	4/24/2025	6:30:00 p.m.	CAMPO	4PM D VIDEO | 4:30PM O VIDEO.  \n  5PM : Campo  Casco, jersey de juego, short indicado en dresscode.	
Fuerza Máxima 2	MAYOR	4/24/2025	1:00:00 p.m.	4/24/2025	3:00:00 p.m.	S&C		GYM Borregos CEM
LOCAL TEC MTY	JUVENIL	4/25/2025	7:00:00 p.m			GAME DAY JUVENIL		
Tec Cem vs Tec Mty	JUVENIL	4/25/2025	7:00:00 p.m.	4/25/2025	9:00:00 p.m.	GAME DAY JUVENIL	Se comparte la logística en Whats App	
Fuerza Máxima 2	MAYOR	4/25/2025	1:00:00 p.m.	4/25/2025	3:00:00 p.m.	S&C		GYM Borregos CEM
REVISION MEDICA	JUVENIL	4/26/2025	8:00:00 a.m.	4/26/2025	9:00:00 a.m.		En caso de estar lesionado ir a revisión médica con las doctoras.	Alberca CEM 
ALBERCA	JUVENIL	4/26/2025	9:00:00 a.m.	4/26/2025	10:00:00 a.m.	ALBERCA	Revisar Reglamento del uso de alberca.	Alberca CEM 
SPECIAL TEAMS	MAYOR	4/26/2025	9:00:00 a.m.	4/26/2025	10:00:00 a.m.	OFICINA	Video Install Special Teams con Coach Alan.	Alberca CEM 
ALBERCA	MAYOR	4/26/2025	10:00:00 a.m.	4/26/2025	11:00:00 a.m.	ALBERCA	Revisar Reglamento del uso de alberca. | 	Alberca CEM 
GYM VIDEO Y CAMPO JUV 	JUVENIL	4/28/2025	4:00:00 p.m.	4/28/2025	6:30:00 p.m.	CAMPO		
Fuerza Máxima 2	MAYOR	4/28/2025	1:00:00 p.m.	4/28/2025	3:00:00 p.m.	S&C		GYM Borregos CEM
CAMPO JUV 	JUVENIL	4/29/2025	5:00:00 p.m.	4/29/2025	6:30:00 p.m.	CAMPO	4PM D VIDEO | 4:30PM O VIDEO .  \n  5PM : Campo Uppers	
Fuerza Máxima 2	MAYOR	4/29/2025	1:00:00 p.m.	4/29/2025	3:00:00 p.m.	S&C		GYM Borregos CEM
CAMPO JUV 	JUVENIL	4/30/2025	5:00:00 p.m.	4/30/2025	6:30:00 p.m.	CAMPO	4PM D VIDEO | 4:30PM O VIDEO.  \n  5PM : Campo Uppers	
Campo OFENSA INSTALL RUN / DEFENSA EDD	MAYOR	4/30/2025	1:00:00 p.m.	4/30/2025	3:00:00 p.m.	CAMPO	Short Azul, Ofensa Instal RUN, Defensa EDD's.	GYM Borregos CEM
Asueto	GENERAL	5/1/2025	12:00:00 a.m.	5/1/2025	11:30:00 p.m.	ASUETO		
CAMPO JUV 	JUVENIL	5/1/2025	9:00:00 a.m.	5/1/2025	10:30:00 a.m.	CAMPO	Campo  Casco, jersey de juego, short indicado en dresscode.	
ASUETO 	MAYOR	5/1/2025	12:00:00 a.m.	5/1/2025	11:59:00 p.m.	ASUETO	NO HAY ACTIVIDADES.	
VISITA TEC CCM 	JUVENIL	5/2/2025	6:00 PM 			GAME DAY JUVENIL		
Tec Cem vs Tec CCM	JUVENIL	5/2/2025	6:00:00 p.m.	5/2/2025	9:00:00 p.m.	GAME DAY JUVENIL	Se comparte la logística en Whats App	
Fuerza Máxima 2	MAYOR	5/2/2025	1:00:00 p.m.	5/2/2025	3:00:00 p.m.	S&C		GYM Borregos CEM
REVISION MEDICA	JUVENIL	5/3/2025	8:00:00 a.m.	5/3/2025	9:00:00 a.m.		En caso de estar lesionado ir a revisión médica con las doctoras.	Alberca CEM 
ALBERCA	JUVENIL	5/3/2025	9:00:00 a.m.	5/3/2025	10:00:00 a.m.	ALBERCA	Revisar Reglamento del uso de alberca.	Alberca CEM 
SPECIAL TEAMS	MAYOR	5/3/2025	9:00:00 a.m.	5/3/2025	10:00:00 a.m.	OFICINA	Video Install Special Teams con Coach Alan.	Alberca CEM 
ALBERCA	MAYOR	5/3/2025	10:00:00 a.m.	5/3/2025	11:00:00 a.m.	ALBERCA	Revisar Reglamento del uso de alberca. | 	Alberca CEM 
CAMPO JUV 	JUVENIL	5/5/2025	4:00:00 p.m.	5/5/2025	6:45:00 p.m.	CAMPO	4PM VIDEO por Unidades.  \n  5PM : Campo Helmet	
Bitácora Seguimiento Académico	COACHES	5/5/2025	12:00:00 a.m.	5/6/2025	12:00:00 a.m.	OFICINA	Primer Junta con los alumnos. 	
TEST 	MAYOR	5/5/2025	1:00:00 p.m.	5/5/2025	3:00:00 p.m.	S&C		GYM Borregos CEM
CAMPO JUV 	JUVENIL	5/6/2025	4:00:00 p.m.	5/6/2025	6:45:00 p.m.	CAMPO	4PM VIDEO por Unidades.  \n  5PM : Campo Uppers	
TEST	MAYOR	5/6/2025	1:00:00 p.m.	5/6/2025	3:00:00 p.m.	S&C		GYM Borregos CEM
CAMPO JUV 	JUVENIL	5/7/2025	4:00:00 p.m.	5/7/2025	6:45:00 p.m.	CAMPO	4PM VIDEO por Unidades.  \n  5PM : Campo Uppers	
Ultimo día de clases Prepa	JUVENIL	5/7/2025	9:00:00 a.m.	5/7/2025	9:30:00 a.m.	ACADEMICO		
PRUEBAS | Campo  | VIDEO 	MAYOR	5/7/2025	1:45:00 p.m.	5/7/2025	3:00:00 p.m.	CAMPO	1PM SKILLS PRUEBAS / 2PM Ofensa Instal RUN, Defensa Video Oficina FBA/ 3PM MEDIANOS Y PESADOS PRUEBAS	GYM Borregos CEM
CAMPO JUV 	JUVENIL	5/8/2025	4:00:00 p.m.	5/8/2025	6:45:00 p.m.	CAMPO	4PM VIDEO por Unidades.  \n  5PM : Campo Helmet	
TEST	MAYOR	5/8/2025	1:00:00 p.m.	5/8/2025	3:00:00 p.m.	S&C		GYM Borregos CEM
VISITA TIGRES CU 	JUVENIL	5/9/2025	5:00:00 p.m	9/5/2025		GAME DAY JUVENIL		
TEST	MAYOR	5/9/2025	1:00:00 p.m.	5/9/2025	3:00:00 p.m.	S&C		GYM Borregos CEM
CAMPO JUV 	JUVENIL	5/12/2025	3:30:00 p.m.	5/12/2025	5:30:00 p.m.	CAMPO	Uppers	
SENIOR DAY DEPORTES	GENERAL	5/12/2025	7:00:00 p.m.	5/12/2025	8:00:00 p.m.		Apoyo compañeros que se graduan en Arena Borregos.	
Descarga	MAYOR	5/12/2025	1:00:00 p.m.	5/12/2025	3:00:00 p.m.	S&C	Regenerativo en Campo 	GYM Borregos CEM
CAMPO JUV 	JUVENIL	5/13/2025	5:00:00 p.m.	5/13/2025		CAMPO	Uppers	
Descarga	MAYOR	5/13/2025	1:00:00 p.m.	5/13/2025	3:00:00 p.m.	S&C	Regenerativo en Campo 	GYM Borregos CEM
CAMPO JUV 	JUVENIL	5/14/2025	5:00:00 p.m.	5/14/2025		CAMPO	Uppers	
OFF	MAYOR	5/14/2025	1:45:00 p.m.	5/14/2025	3:00:00 p.m.	CAMPO	Sábado primera práctica LFG!	GYM Borregos CEM
CAMPO JUV 	JUVENIL	5/15/2025	5:00:00 p.m.	5/15/2025		CAMPO	Helmet y Hielos Juvenil.	
Alberca	MAYOR	5/15/2025	1:00:00 p.m.	5/15/2025	3:00:00 p.m.	S&C	Revisar Reglamento de Alberca	GYM Borregos CEM
Hielos	MAYOR	5/16/2025	1:00:00 p.m.	5/16/2025	3:00:00 p.m.	S&C	Lleva tus cosas para el hielo.	GYM Borregos CEM
FBA CAMPO 	MAYOR	5/17/2025	10:00:00 a.m.	5/17/2025	11:30:00 a.m.	CAMPO	HELMET | Primer práctica LFG!!! Inician Vendajes 9 am	
FBA CAMPO JUVE	JUVENIL	5/19/2025	5:00:00 p.m.	5/19/2025	7:00:00 p.m.	CAMPO		
S&C Fuerza Explosiva	MAYOR	5/19/2025	1:00:00 p.m.	5/19/2025	3:00:00 p.m.	S&C		GYM Borregos CEM
FBA CAMPO JUVE	JUVENIL	5/20/2025	5:00:00 p.m.	5/20/2025	7:00:00 p.m.	CAMPO		
FBA CAMPO 	MAYOR	5/20/2025	1:15:00 p.m.	5/20/2025	3:00:00 p.m.	CAMPO	HELMET, SHORT CORRESPONDIENTE AL DÍA	
SESIÓN OBLIGATORIA FORMATIVA	GENERAL	5/21/2025	1:00:00 p.m.	5/21/2025	3:00:00 p.m.	SESION FORMATIVA	Masculinidades, Sala de Alta dirección.	GYM Borregos CEM
FBA CAMPO JUVE	JUVENIL	5/21/2025	5:00:00 p.m.	5/21/2025	7:00:00 p.m.	CAMPO		
FBA CAMPO JUVE	JUVENIL	5/22/2025	5:00:00 p.m.	5/22/2025	7:00:00 p.m.	CAMPO		
S&C Fuerza Explosiva	MAYOR	5/22/2025	1:00:00 p.m.	5/22/2025	3:00:00 p.m.	S&C		GYM Borregos CEM
FBA CAMPO JUVE	JUVENIL	5/23/2025	5:00:00 p.m.	5/23/2025	7:00:00 p.m.	CAMPO		
S&C Fuerza Explosiva	MAYOR	5/23/2025	1:00:00 p.m.	5/23/2025	3:00:00 p.m.	S&C		GYM Borregos CEM
FBA CAMPO 	MAYOR	5/24/2025	10:00:00 a.m.	5/24/2025	11:30:00 a.m.	CAMPO	HELMET, SHORT CORRESPONDIENTE AL DÍA	
Bitácora Seguimiento Académico	COACHES	5/26/2025	12:00:00 a.m.	5/27/2025	12:00:00 a.m.	OFICINA	Primer Junta con los alumnos. 	
S&C 	MAYOR	5/26/2025	1:00:00 p.m.	5/26/2025	3:00:00 p.m.	S&C		Campo Borregos CEM
FBA CAMPO 	MAYOR	5/27/2025	1:15:00 p.m.	5/27/2025	3:00:00 p.m.	CAMPO	UPPERS	Campo FBA
S&C 	MAYOR	5/28/2025	1:00:00 p.m.	5/28/2025	3:00:00 p.m.	S&C		Gym Borregos CEM 
PLATICA CON HC	MAYOR	5/28/2025	4:00:00 p.m.	5/28/2025	5:00:00 p.m.	SESION FORMATIVA	Salón 4106 . 4pm Ofensa 4:30 Defensa	Aula Magna
FBA CAMPO	MAYOR	5/29/2025	1:15:00 p.m.	5/29/2025	3:00:00 p.m.	CAMPO	UPPERS	Campo Borregos CEM
FBA CAMPO	MAYOR	5/30/2025	1:15:00 p.m.	5/30/2025	3:00:00 p.m.	CAMPO	FULL PADS	Campo Borregos CEM
S&C 	MAYOR	5/31/2025	8:30:00 a.m.	5/31/2025	10:30:00 a.m.	S&C	S&C y al final Hielos.	Gym Borregos CEM 
Verano Prepa 	JUVENIL	6/2/2025	8:00:00 a.m.	6/2/2025	8:30:00 a.m.	ACADEMICO		
S&C 	MAYOR	6/2/2025	1:00:00 p.m.	6/2/2025	3:00:00 p.m.	S&C		GYM Borregos CEM
FBA CAMPO	MAYOR	6/3/2025	1:15:00 p.m.	6/3/2025	3:00:00 p.m.	CAMPO	UPPERS	Campo Borregos CEM
S&C 	MAYOR	6/4/2025	1:00:00 p.m.	6/4/2025	3:00:00 p.m.	S&C		GYM Borregos CEM
FBA CAMPO	MAYOR	6/5/2025	1:15:00 p.m.	6/5/2025	3:00:00 p.m.	CAMPO	UPPERS	Campo Borregos CEM
S&C 	MAYOR	6/6/2025	1:00:00 p.m.	6/6/2025	3:00:00 p.m.	S&C		GYM Borregos CEM
Campo FBA 	MAYOR	6/7/2025	9:00:00 a.m.	6/7/2025	11:00:00 a.m.	CAMPO	FULL PADS	Campo Borregos CEM
S&C 	MAYOR	6/9/2025	1:00:00 p.m.	6/9/2025	3:00:00 p.m.	S&C		GYM Borregos CEM
FBA CAMPO	MAYOR	6/10/2025	1:15:00 p.m.	6/10/2025	3:00:00 p.m.	CAMPO	UPPERS	Campo Borregos CEM
FBA CAMPO	MAYOR	6/11/2025	1:15:00 p.m.	6/11/2025	3:00:00 p.m.	CAMPO	UPPERS	Campo Borregos CEM
S&C 	MAYOR	6/12/2025	1:00:00 p.m.	6/12/2025	3:00:00 p.m.	S&C	S&C	GYM Borregos CEM
Campo FBA 	MAYOR	6/13/2025	1:15:00 p.m.	6/14/2025	3:00:00 p.m.	CAMPO	FULL PADS LFG!	Campo Borregos CEM
VIDEO ST'S / S&C / HIELOS 	MAYOR	6/14/2025	8:00:00 a.m.	6/14/2025	10:00:00 a.m.	S&C	8:00 AM    STS VIDEO TODO EL EQUIPO  8:30 AM    DEF GYM / OFF VIDEO 10:00 AM   DEF HIELOS / OFF GYM 11:00 AM    HIELOS OFENSA	GYM Borregos CEM
Bitácora Seguimiento Académico	COACHES	6/16/2025	12:00:00 a.m.	6/17/2025	12:00:00 a.m.	OFICINA	Primer Junta con los alumnos. 	
S&C 	MAYOR	6/16/2025	1:00:00 p.m.	6/16/2025	3:00:00 p.m.	S&C		GYM Borregos CEM
S&C 	MAYOR	6/16/2025	1:00:00 p.m.	6/16/2025	3:00:00 p.m.	S&C		GYM Borregos CEM
FBA CAMPO	MAYOR	6/17/2025	1:15:00 p.m.	6/17/2025	3:00:00 p.m.	CAMPO	UPPERS	Campo Borregos CEM
FBA CAMPO	MAYOR	6/17/2025	1:15:00 p.m.	6/17/2025	3:00:00 p.m.	CAMPO	UPPERS	Campo Borregos CEM
S&C 	MAYOR	6/18/2025	1:00:00 p.m.	6/18/2025	3:00:00 p.m.	S&C		GYM Borregos CEM
S&C 	MAYOR	6/18/2025	1:00:00 p.m.	6/18/2025	3:00:00 p.m.	S&C		Campo Borregos CEM
FBA CAMPO	MAYOR	6/19/2025	1:15:00 p.m.	6/19/2025	3:00:00 p.m.	CAMPO	UPPERS	Campo Borregos CEM
FBA CAMPO	MAYOR	6/19/2025	1:15:00 p.m.	6/19/2025	3:00:00 p.m.	CAMPO	UPPERS	GYM Borregos CEM
S&C 	MAYOR	6/20/2025	1:00:00 p.m.	6/20/2025	3:00:00 p.m.	S&C		GYM Borregos CEM
Ultimo día de clases Prof	MAYOR	6/20/2025	8:00:00 a.m.	6/20/2025	8:30:00 a.m.	ACADEMICO		
S&C 	MAYOR	6/20/2025	1:00:00 p.m.	6/20/2025	3:00:00 p.m.	S&C		GYM Borregos CEM
Campo FBA 	MAYOR	6/21/2025	1:15:00 p.m.	6/21/2025	3:00:00 p.m.	CAMPO	FULL PADS LFG!	Campo Borregos CEM
Campo FBA 	MAYOR	6/21/2025	9:00:00 a.m.	6/21/2025	10:00:00 a.m.	CAMPO	FULL PADS	Campo Borregos CEM
S&C	MAYOR	6/23/2025	1:00:00 p.m.	6/23/2025	3:00:00 p.m.	S&C		Campo Borregos CEM
Primer día de Verano Prof.	MAYOR	6/23/2025	8:00:00 a.m.	6/23/2025	8:30:00 a.m.	ACADEMICO		
FBA CAMPO	MAYOR	6/24/2025	1:15:00 p.m.	6/24/2025	3:00:00 p.m.	CAMPO	Full Pads.	Campo Borregos CEM
FBA CAMPO	MAYOR	6/25/2025	1:15:00 p.m.	6/25/2025	3:00:00 p.m.	CAMPO	Uppers.	Campo Borregos CEM
FBA CAMPO	MAYOR	6/26/2025	1:15:00 p.m.	6/26/2025	3:00:00 p.m.	CAMPO	Cortos.	Campo Borregos CEM
Práctica Conjunta VS TEC QRO	MAYOR	6/27/2025	7:00:00 p.m.	6/27/2025	11:00:00 p.m.	SCRIMMAGE		Campo Borregos CEM
Vacaciones 	GENERAL	6/28/2025	12:00:00 a.m.	7/7/2025	12:00:00 a.m.	VACACIONES		Microsoft Teams Meeting
Vacaciones	MAYOR	6/28/2025	12:00:00 a.m.	7/6/2025	11:59:00 p.m.			
Adaptation (S&C)	MAYOR	7/7/2025	1:00:00 p.m.	7/7/2025	3:00:00 p.m.	S&C	Sesión de Gym y Campo.	
Adaptation (S&C) Registro y Foto ROSTER	MAYOR	7/8/2025	1:00:00 p.m.	7/8/2025	3:00:00 p.m.	S&C	Sesión de Gym y Campo. Pasar a las oficinas de FBA de 12pm a 3pm para la actualización de tus datos y foto oficial del roster 2025.	
Adaptation (S&C) Registro y Foto ROSTER	MAYOR	7/9/2025	1:00:00 p.m.	7/9/2025	3:00:00 p.m.	S&C	Sesión de Gym y Campo. Pasar a las oficinas de FBA de 12pm a 3pm para la actualización de tus datos y foto oficial del roster 2025.	
Adaptation (S&C)	MAYOR	7/10/2025	1:00:00 p.m.	7/10/2025	3:00:00 p.m.	S&C	Sesión de Gym y Campo.	
Sesión CRDH	MAYOR	7/10/2025	4:00:00 p.m.	7/10/2025	5:00:00 p.m.	S&C	Sesión de Gym y Campo.	
Viaje de Integración 	MAYOR	7/11/2025	12:00:00 p.m.	7/13/2025	3:00:00 p.m.	S&C		
Campo	MAYOR	7/14/2025	1:00:00 p.m.	7/14/2025	3:00:00 p.m.	CAMPO	UPPERS	
S&C	MAYOR	7/15/2025	1:00:00 p.m.	7/15/2025	3:00:00 p.m.	S&C	Sesión de Gym y Campo.	
Campo	MAYOR	7/16/2025	1:00:00 p.m.	7/16/2025	3:00:00 p.m.	CAMPO	UPPERS	
S&C	MAYOR	7/17/2025	1:00:00 p.m.	7/17/2025	3:00:00 p.m.	S&C	Sesión de Gym y Campo.	
Campo	MAYOR	7/18/2025	1:00:00 p.m.	7/18/2025	3:00:00 p.m.	CAMPO	UPPERS	
S&C	MAYOR	7/19/2025	9:00:00 a.m.	7/19/2025	11:00:00 a.m.	S&C	Sesión de Gym y Campo.	
Campo	MAYOR	7/21/2025	1:00:00 p.m.	7/21/2025	3:00:00 p.m.	CAMPO	UPPERS	
S&C	MAYOR	7/22/2025	1:00:00 p.m.	7/22/2025	3:00:00 p.m.	S&C	Sesión de Gym y Campo.	
Campo	MAYOR	7/23/2025	1:00:00 p.m.	7/23/2025	3:00:00 p.m.	CAMPO	UPPERS	
S&C	MAYOR	7/24/2025	1:00:00 p.m.	7/24/2025	3:00:00 p.m.	S&C	Sesión de Gym y Campo.	
Sesión CRDH	MAYOR	7/24/2025	4:00:00 p.m.	7/24/2025	5:00:00 p.m.	JUNTA 	Sesión con CRDH, Aula Magna 4106.	
Campo	MAYOR	7/25/2025	1:00:00 p.m.	7/25/2025	3:00:00 p.m.	CAMPO	UPPERS	
ROOKIE GAMES	MAYOR	7/26/2025	9:00:00 a.m.	7/26/2025	11:00:00 a.m.	S&C	ROOKIE GAMES	
Campo	MAYOR	7/28/25	1:00:00 p.m.	7/28/25	3:00:00 p.m.	CAMPO	SE NOTIFICARA POR WHATSAPP SI ES UPPERS/CORTOS 	
Campo	MAYOR	7/29/25	1:00:00 p.m.	7/29/25	3:00:00 p.m.	CAMPO	UPPERS	
Campo	MAYOR	7/30/25	1:00:00 p.m.	7/30/25	3:00:00 p.m.	CAMPO	FULLPADS	
Campo	MAYOR	7/31/25	1:00:00 p.m.	7/31/25	3:00:00 p.m.	CAMPO	CORTOS Y HIELOS	
Campo	MAYOR	8/1/25	7:00:00 p.m.	8/1/25	9:00:00 p.m.	CAMPO	Práctica Conjunta vs Potros UAEMEX  SVG	
Campo	MAYOR	8/4/25	9:00:00 p.m.	8/4/25	10:30:00 p.m.	CAMPO	UPPERS	
Campo	MAYOR	8/5/25	9:00:00 p.m.	8/5/25	10:30:00 p.m.	CAMPO	UPPERS	
Campo	MAYOR	8/6/25	9:00:00 p.m.	8/6/25	10:30:00 p.m.	CAMPO	HELMET/JERSEY	
Campo	MAYOR	8/7/25	9:00:00 p.m.	8/7/25	10:30:00 p.m.	CAMPO	FULL PADS 	
Campo	MAYOR	8/8/25	9:00:00 p.m.	8/8/25	10:30:00 p.m.	CAMPO	UPPERS	
Campo	MAYOR	8/9/25	9:00:00 p.m.	8/9/25	10:30:00 p.m.	CAMPO	HELMET/JERSEY	
Campo	MAYOR	8/11/25	9:00:00 p.m.	8/11/25	10:30:00 p.m.	CAMPO	HELMET/JERSEY	
Campo	MAYOR	8/11/25	9:00:00 p.m.	8/11/25	10:30:00 p.m.	CAMPO	FULL PADS 	
Campo	MAYOR	8/12/25	9:00:00 p.m.	8/12/25	10:30:00 p.m.	CAMPO	UPPERS	
Campo	MAYOR	8/13/25	9:00:00 p.m.	8/13/25	10:30:00 p.m.	CAMPO	HELMET/JERSEY	
Campo	MAYOR	8/14/25	9:00:00 p.m.	8/14/25	10:30:00 p.m.	CAMPO	CORTOS 	
S&C	MAYOR	8/15/25	9:00:00 p.m.	8/15/25	10:30:00 p.m.	S&C	Fuerza explosiva/hipertrofia 	
S&C	MAYOR	8/16/25	9:00:00 p.m.	8/16/25	10:30:00 p.m.	S&C	Fuerza explosiva/hipertrofia 	
S&C	MAYOR	8/18/25	9:00:00 p.m.	8/18/25	10:30:00 p.m.	S&C	Fuerza máxima 	
S&C	MAYOR	8/18/25	9:00:00 p.m.	8/18/25	10:30:00 p.m.	S&C	Fuerza máxima 	
S&C	MAYOR	8/19/25	9:00:00 p.m.	8/19/25	10:30:00 p.m.	S&C	Fuerza rápida 	
S&C	MAYOR	8/19/25	9:00:00 p.m.	8/19/25	10:30:00 p.m.	S&C	Fuerza rápida 	
S&C	MAYOR	8/20/25	9:00:00 p.m.	8/20/25	10:30:00 p.m.	S&C	Fuerza rápida 	
S&C	MAYOR	8/21/25	9:00:00 p.m.	8/21/25	10:30:00 p.m.	S&C	Fuerza rápida 	
S&C	MAYOR	8/22/25	9:00:00 p.m.	8/22/25	10:30:00 p.m.	S&C	Fuerza rápida 	
S&C	MAYOR	8/23/25	9:00:00 p.m.	8/23/25	10:30:00 p.m.	S&C	Fuerza rápida 	
Práctica conjunta VS potros 	MAYOR	8/25/25	7:00:00 p.m	8/25/25	9:00:00 p.m	SCRIMMAGE		
Día 1 clases ago-dic 	MAYOR	8/25/25		8/25/25		ACADEMICO		
Alberca Mayor	MAYOR	8/26/25	8:00:00 a.m	8/26/25	9:00:00 a.m	ALBERCA		
Alberca Mayor 	MAYOR	8/27/25	8:00:00 a.m	8/27/25	9:00:00 a.m	ALBERCA		
Scout day 	MAYOR	8/28/25		8/28/25		JUNTA 		
Práctica conjunta VS CCM	MAYOR	8/28/25	11:00:00 a.m	8/28/25	1:00:00 p.m	SCRIMMAGE		
Media day /Foto Oficial	MAYOR	8/29/25		8/29/25		JUNTA 		
Scout day 	COACHES	8/30/25	8:00:00 a.m	8/30/25		JUNTA 		
Campo 	MAYOR	9/1/25	9:00:00 p.m.	9/1/25	10:30:00 p.m.	CAMPO	UPPERS	
Gym mantenimiento 	MAYOR	9/1/25	9:00:00 p.m.	9/1/25	10:30:00 p.m.	S&C		
Campo 	MAYOR	9/2/25	9:00:00 p.m.	9/2/25	10:30:00 p.m.	CAMPO	FULL PADS	
Campo 	MAYOR	9/3/25	9:00:00 p.m.	9/3/25	10:30:00 p.m.	CAMPO	UPPERS	
Gym mantenimiento 	MAYOR	9/3/25	9:00:00 p.m.	9/3/25	10:30:00 p.m.	S&C		
Viaje Mexicalli 	MAYOR	9/4/25		9/4/25			CORTOS 	
Week1 @ Zorros Cetys 	MAYOR	9/5/25		9/5/25			TBD	
Scout day 	COACHES	9/8/25		9/8/25		JUNTA 		
Gym mantenimiento 	MAYOR	9/8/25	9:00:00 p.m.	9/8/25	10:30:00 p.m.	S&C	CORTOS 	
Campo 	MAYOR	9/9/25	9:00:00 p.m.	9/9/25	10:30:00 p.m.	CAMPO	UPPERS	
Campo 	MAYOR	9/10/25	9:00:00 p.m.	9/10/25	10:30:00 p.m.	CAMPO	FULL PADS	
Campo 	MAYOR	9/11/25	9:00:00 p.m.	9/11/25	10:30:00 p.m.	CAMPO	UPPERS	
Gym mantenimiento 	MAYOR	9/11/25	9:00:00 p.m.	9/11/25	10:30:00 p.m.	S&C		
Pre game practice 	MAYOR	9/12/25		9/12/25		CAMPO	HELMET/JERSEY 	
Hielos mayor 	MAYOR	9/12/25		9/12/25				
Week 2 @ IPN Burros Blancos 	GENERAL	9/13/25		9/13/25			TBD	
Scout day 	COACHES	9/15/25		9/15/25		JUNTA 		
Gym mantenimiento 	MAYOR	9/15/25	9:00:00 p.m.	9/15/25	10:30:00 p.m.		CORTOS	
Campo 	MAYOR	9/16/25	9:00:00 p.m.	9/16/25	10:30:00 p.m.	CAMPO	UPPERS	
Gym mantenimiento 	MAYOR	9/16/25	9:00:00 p.m.	9/16/25	10:30:00 p.m.	S&C		
Campo 	MAYOR	9/17/25	9:00:00 p.m.	9/17/25	10:30:00 p.m.	CAMPO	FULL PADS	
Campo 	MAYOR	9/18/25	9:00:00 p.m.	9/18/25	10:30:00 p.m.	CAMPO	HELMET/JERSEY 	
Hielos mayor 	MAYOR	9/18/25		9/18/25				
Week 3 VS. Pumas 	GENERAL	9/19/25	7:00:00 p.m.	9/19/25	10:30:00 p.m.			
Scout day 	COACHES	9/20/25		9/20/25		JUNTA 	CORTOS	
Campo 	MAYOR	9/22/25	9:00:00 p.m.	9/22/25	10:30:00 p.m.	CAMPO	UPPERS	
Gym mantenimiento 	MAYOR	9/22/25	9:00:00 p.m.	9/22/25	10:30:00 p.m.	S&C		
Campo 	MAYOR	9/23/25	9:00:00 p.m.	9/23/25	10:30:00 p.m.	CAMPO	FULL PADS	
Campo 	MAYOR	9/24/25	9:00:00 p.m.	9/24/25	10:30:00 p.m.	CAMPO	UPPERS	
Gym mantenimiento 	MAYOR	9/24/25	9:00:00 p.m.	9/24/25	10:30:00 p.m.	S&C		
Pre game practice 	MAYOR	9/25/25	9:00:00 p.m.	9/25/25	10:30:00 p.m.	CAMPO	HELMET/JERSEY	
Hielos mayor 	MAYOR	9/25/25		9/25/25				
Week 4 VS. Leones 	GENERAL	9/26/25	7:00:00 p.m.	9/26/25	10:30:00 p.m.			
Scout day 	COACHES	9/29/25		9/29/25			CORTOS	
Gym mantenimiento 	MAYOR	9/29/25	9:00:00 p.m.	9/29/25	10:30:00 p.m.			
Campo 	MAYOR	9/30/25	9:00:00 p.m.	9/30/25	10:30:00 p.m.	CAMPO	UPPERS	
Gym mantenimiento 	MAYOR	9/30/25	9:00:00 p.m.	9/30/25	10:30:00 p.m.			
Campo 	MAYOR	10/1/25	9:00:00 p.m.	10/1/25	10:30:00 p.m.	CAMPO	FULL PADS	
Campo 	MAYOR	10/2/25	9:00:00 p.m.	10/2/25	10:30:00 p.m.	CAMPO	UPPERS	
Pre game practice 	MAYOR	10/3/25		10/3/25		CAMPO	HELMET/JERSEY	
Hielos mayor 	MAYOR	10/3/25		10/3/25				
Week 5 IPN Blancas 	GENERAL	10/4/25		10/4/25			TBD	
Scout day 	MAYOR	10/6/25		10/6/25				
Gym mantenimiento 	MAYOR	10/6/25	9:00:00 p.m.	10/6/25	10:30:00 p.m.		CORTOS	
Campo 	MAYOR	10/7/25	9:00:00 p.m.	10/7/25	10:30:00 p.m.	CAMPO	UPPERS	
Gym mantenimiento 	MAYOR	10/7/25	9:00:00 p.m.	10/7/25	10:30:00 p.m.			
Campo 	MAYOR	10/8/25	9:00:00 p.m.	10/8/25	10:30:00 p.m.	CAMPO	FULL PADS	
Campo 	MAYOR	10/9/25	9:00:00 p.m.	10/9/25	10:30:00 p.m.	CAMPO	HELMET/JERSEY	
Week 6 Borregos Pue 	GENERAL	10/10/25	7:00:00 p.m.	10/10/25	10:30:00 p.m.			
Scout day 	COACHES	10/13/25		10/13/25			CORTOS	
Gym mantenimiento 	MAYOR	10/13/25	9:00:00 p.m.	10/13/25	10:30:00 p.m.			
Campo 	MAYOR	10/14/25	9:00:00 p.m.	10/14/25	10:30:00 p.m.	CAMPO	UPPERS	
Gym mantenimiento 	MAYOR	10/14/25	9:00:00 p.m.	10/14/25	10:30:00 p.m.			
Campo 	MAYOR	10/15/25	9:00:00 p.m.	10/15/25	10:30:00 p.m.	CAMPO	FULL PADS	
Campo 	MAYOR	10/16/25	9:00:00 p.m.	10/16/25	10:30:00 p.m.	CAMPO	UPPERS	
Pre game practice 	MAYOR	10/17/25		10/17/25		CAMPO	HELMET/JERSEY	
Hielos mayor 	MAYOR	10/17/25		10/17/25				
Week 7 Aztecas Udlap 	GENERAL	10/18/25	1:00:00 p.m.	10/18/25				
Campo 	MAYOR	10/20/25	9:00:00 p.m.	10/20/25	10:30:00 p.m.	CAMPO	HELMET	
Gym mantenimiento 	MAYOR	10/20/25	9:00:00 p.m.	10/20/25	10:30:00 p.m.			
Campo 	MAYOR	10/21/25	9:00:00 p.m.	10/21/25	10:30:00 p.m.	CAMPO	UPPERS	
Gym mantenimiento 	MAYOR	10/21/25	9:00:00 p.m.	10/21/25	10:30:00 p.m.			
Campo 	MAYOR	10/22/25	9:00:00 p.m.	10/22/25	10:30:00 p.m.	CAMPO	HELMET	
Campo 	MAYOR	10/23/25	9:00:00 p.m.	10/23/25	10:30:00 p.m.	CAMPO	UPPERS	
Gym mantenimiento 	MAYOR	10/23/25	9:00:00 p.m.	10/23/25	10:30:00 p.m.			
Campo 	MAYOR	10/24/25	9:00:00 p.m.	10/24/25	10:30:00 p.m.	CAMPO	HELMET	
Gym mantenimiento 	MAYOR	10/24/25	9:00:00 p.m.	10/24/25	10:30:00 p.m.			
Bye week 8	GENERAL	10/25/25		10/25/25				
Scout day 	COACHES	10/27/25		10/27/25			CORTOS	
Gym mantenimiento 	MAYOR	10/27/25	9:00:00 p.m.	10/27/25	10:30:00 p.m.			
Campo 	MAYOR	10/28/25	9:00:00 p.m.	10/28/25	10:30:00 p.m.	CAMPO	UPPERS	
Gym mantenimiento 	MAYOR	10/28/25	9:00:00 p.m.	10/28/25	10:30:00 p.m.			
Campo 	MAYOR	10/29/25	9:00:00 p.m.	10/29/25	10:30:00 p.m.	CAMPO	FULL PADS	
Campo 	MAYOR	10/30/25	9:00:00 p.m.	10/30/25	10:30:00 p.m.	CAMPO	HELMET/JERSEY	
Hielos mayor 	MAYOR	10/30/25		10/30/25				
Week 9 Borregos Mty	GENERAL	10/31/25	7:00:00 p.m.	10/31/25	10:30:00 p.m.			
Scout day 		11/1/25		11/1/25			CORTOS	
LOCAL AGUILAS BLANCAS	JUVENIL	5/16/2025	7:00:00 p.m	5/16/2025		GAME DAY JUVENIL		
Vacaciones Semana Sat								
								
Hielos mayor 	MAYOR							